--------------------------------------------------------
--  Fichier créé - jeudi-septembre-29-2016   
--------------------------------------------------------
--------------------------------------------------------
--  DDL for Table COURS
--------------------------------------------------------

  CREATE TABLE "SALTELSQL"."COURS" 
   (	"CODECOURS" VARCHAR2(6 BYTE), 
	"LIBELLECOURS" VARCHAR2(35 BYTE), 
	"NBJOURS" NUMBER(*,0) DEFAULT 3
   ) SEGMENT CREATION IMMEDIATE 
  PCTFREE 10 PCTUSED 40 INITRANS 1 MAXTRANS 255 NOCOMPRESS LOGGING
  STORAGE(INITIAL 65536 NEXT 1048576 MINEXTENTS 1 MAXEXTENTS 2147483645
  PCTINCREASE 0 FREELISTS 1 FREELIST GROUPS 1 BUFFER_POOL DEFAULT FLASH_CACHE DEFAULT CELL_FLASH_CACHE DEFAULT)
  TABLESPACE "USERS" ;
--------------------------------------------------------
--  DDL for Table EMPLOYE
--------------------------------------------------------

  CREATE TABLE "SALTELSQL"."EMPLOYE" 
   (	"NUMEMP" NUMBER(*,0), 
	"NOMEMP" VARCHAR2(25 BYTE), 
	"PRENOMEMP" VARCHAR2(25 BYTE), 
	"POSTE" VARCHAR2(20 BYTE), 
	"SALAIRE" NUMBER(8,2), 
	"PRIME" NUMBER(7,2), 
	"CODEPROJET" CHAR(4 BYTE), 
	"SUPERIEUR" NUMBER(*,0)
   ) SEGMENT CREATION IMMEDIATE 
  PCTFREE 10 PCTUSED 40 INITRANS 1 MAXTRANS 255 NOCOMPRESS LOGGING
  STORAGE(INITIAL 65536 NEXT 1048576 MINEXTENTS 1 MAXEXTENTS 2147483645
  PCTINCREASE 0 FREELISTS 1 FREELIST GROUPS 1 BUFFER_POOL DEFAULT FLASH_CACHE DEFAULT CELL_FLASH_CACHE DEFAULT)
  TABLESPACE "USERS" ;
--------------------------------------------------------
--  DDL for Table INSCRIT
--------------------------------------------------------

  CREATE TABLE "SALTELSQL"."INSCRIT" 
   (	"NUMEMP" NUMBER(*,0), 
	"CODESEMI" VARCHAR2(10 BYTE), 
	"DATEINSCRIT" DATE DEFAULT sysdate
   ) SEGMENT CREATION IMMEDIATE 
  PCTFREE 10 PCTUSED 40 INITRANS 1 MAXTRANS 255 NOCOMPRESS LOGGING
  STORAGE(INITIAL 65536 NEXT 1048576 MINEXTENTS 1 MAXEXTENTS 2147483645
  PCTINCREASE 0 FREELISTS 1 FREELIST GROUPS 1 BUFFER_POOL DEFAULT FLASH_CACHE DEFAULT CELL_FLASH_CACHE DEFAULT)
  TABLESPACE "USERS" ;
--------------------------------------------------------
--  DDL for Table PARTICIPER
--------------------------------------------------------

  CREATE TABLE "SALTELSQL"."PARTICIPER" 
   (	"NUMEMP" NUMBER(*,0), 
	"CODESEMI" VARCHAR2(10 BYTE), 
	"CODEJOUR" CHAR(2 BYTE)
   ) SEGMENT CREATION IMMEDIATE 
  PCTFREE 10 PCTUSED 40 INITRANS 1 MAXTRANS 255 NOCOMPRESS LOGGING
  STORAGE(INITIAL 65536 NEXT 1048576 MINEXTENTS 1 MAXEXTENTS 2147483645
  PCTINCREASE 0 FREELISTS 1 FREELIST GROUPS 1 BUFFER_POOL DEFAULT FLASH_CACHE DEFAULT CELL_FLASH_CACHE DEFAULT)
  TABLESPACE "USERS" ;
--------------------------------------------------------
--  DDL for Table PROJET
--------------------------------------------------------

  CREATE TABLE "SALTELSQL"."PROJET" 
   (	"CODEPROJET" CHAR(4 BYTE), 
	"NOMPROJET" VARCHAR2(20 BYTE), 
	"DEBUTPROJ" DATE, 
	"FINPREVUE" DATE, 
	"NOMCONTACT" VARCHAR2(35 BYTE)
   ) SEGMENT CREATION IMMEDIATE 
  PCTFREE 10 PCTUSED 40 INITRANS 1 MAXTRANS 255 NOCOMPRESS LOGGING
  STORAGE(INITIAL 65536 NEXT 1048576 MINEXTENTS 1 MAXEXTENTS 2147483645
  PCTINCREASE 0 FREELISTS 1 FREELIST GROUPS 1 BUFFER_POOL DEFAULT FLASH_CACHE DEFAULT CELL_FLASH_CACHE DEFAULT)
  TABLESPACE "USERS" ;
--------------------------------------------------------
--  DDL for Table SEMINAIRE
--------------------------------------------------------

  CREATE TABLE "SALTELSQL"."SEMINAIRE" 
   (	"CODESEMI" VARCHAR2(10 BYTE), 
	"CODECOURS" VARCHAR2(6 BYTE), 
	"DATEDEBUTSEM" DATE
   ) SEGMENT CREATION IMMEDIATE 
  PCTFREE 10 PCTUSED 40 INITRANS 1 MAXTRANS 255 NOCOMPRESS LOGGING
  STORAGE(INITIAL 65536 NEXT 1048576 MINEXTENTS 1 MAXEXTENTS 2147483645
  PCTINCREASE 0 FREELISTS 1 FREELIST GROUPS 1 BUFFER_POOL DEFAULT FLASH_CACHE DEFAULT CELL_FLASH_CACHE DEFAULT)
  TABLESPACE "USERS" ;
REM INSERTING into SALTELSQL.COURS
SET DEFINE OFF;
Insert into SALTELSQL.COURS (CODECOURS,LIBELLECOURS,NBJOURS) values ('BR035','UML : Perfectionnement','5');
Insert into SALTELSQL.COURS (CODECOURS,LIBELLECOURS,NBJOURS) values ('BR034','UML : Initiation','2');
Insert into SALTELSQL.COURS (CODECOURS,LIBELLECOURS,NBJOURS) values ('BR013','Administration BDR','3');
Insert into SALTELSQL.COURS (CODECOURS,LIBELLECOURS,NBJOURS) values ('BR056','SQL2 : La norme','3');
Insert into SALTELSQL.COURS (CODECOURS,LIBELLECOURS,NBJOURS) values ('BR057','Conception BD relationnelle','4');
Insert into SALTELSQL.COURS (CODECOURS,LIBELLECOURS,NBJOURS) values ('BR070','Administration d''une BD','4');
REM INSERTING into SALTELSQL.EMPLOYE
SET DEFINE OFF;
Insert into SALTELSQL.EMPLOYE (NUMEMP,NOMEMP,PRENOMEMP,POSTE,SALAIRE,PRIME,CODEPROJET,SUPERIEUR) values ('1','DUPONT','Pierre','A22','8000','1000','PR1 ','4');
Insert into SALTELSQL.EMPLOYE (NUMEMP,NOMEMP,PRENOMEMP,POSTE,SALAIRE,PRIME,CODEPROJET,SUPERIEUR) values ('2','JOLIBOIS','Rolland','A12','10500','1500','PR2 ','5');
Insert into SALTELSQL.EMPLOYE (NUMEMP,NOMEMP,PRENOMEMP,POSTE,SALAIRE,PRIME,CODEPROJET,SUPERIEUR) values ('3','BEAUMONT','Jean','A25','12000','2000','PR1 ','6');
Insert into SALTELSQL.EMPLOYE (NUMEMP,NOMEMP,PRENOMEMP,POSTE,SALAIRE,PRIME,CODEPROJET,SUPERIEUR) values ('4','DUCHATEL','Mireille','B12','11500','3000','PR2 ','7');
Insert into SALTELSQL.EMPLOYE (NUMEMP,NOMEMP,PRENOMEMP,POSTE,SALAIRE,PRIME,CODEPROJET,SUPERIEUR) values ('5','MARTIN','Robert','B21','13000','0','PR3 ','7');
Insert into SALTELSQL.EMPLOYE (NUMEMP,NOMEMP,PRENOMEMP,POSTE,SALAIRE,PRIME,CODEPROJET,SUPERIEUR) values ('6','MAZAUD','Patricia','B14','13000','1500','PR3 ','8');
Insert into SALTELSQL.EMPLOYE (NUMEMP,NOMEMP,PRENOMEMP,POSTE,SALAIRE,PRIME,CODEPROJET,SUPERIEUR) values ('7','GIMOND','Antoine','C17','21000',null,null,'15');
Insert into SALTELSQL.EMPLOYE (NUMEMP,NOMEMP,PRENOMEMP,POSTE,SALAIRE,PRIME,CODEPROJET,SUPERIEUR) values ('8','SAULT','Jean','C23','21200',null,null,'15');
Insert into SALTELSQL.EMPLOYE (NUMEMP,NOMEMP,PRENOMEMP,POSTE,SALAIRE,PRIME,CODEPROJET,SUPERIEUR) values ('9','GALLI','Jean Daniel','A25','10000','2000','PR2 ','5');
Insert into SALTELSQL.EMPLOYE (NUMEMP,NOMEMP,PRENOMEMP,POSTE,SALAIRE,PRIME,CODEPROJET,SUPERIEUR) values ('10','JACONO','Marie','B14','11500','1500','PR5 ','20');
Insert into SALTELSQL.EMPLOYE (NUMEMP,NOMEMP,PRENOMEMP,POSTE,SALAIRE,PRIME,CODEPROJET,SUPERIEUR) values ('11','ANTHONY','Henri','A15','9500','0','PR2 ','10');
Insert into SALTELSQL.EMPLOYE (NUMEMP,NOMEMP,PRENOMEMP,POSTE,SALAIRE,PRIME,CODEPROJET,SUPERIEUR) values ('12','CANE','Michel','B15','10800','1400','PR1 ','8');
Insert into SALTELSQL.EMPLOYE (NUMEMP,NOMEMP,PRENOMEMP,POSTE,SALAIRE,PRIME,CODEPROJET,SUPERIEUR) values ('13','GOMEZ','Joseph','A12','7500','2000','PR3 ','12');
Insert into SALTELSQL.EMPLOYE (NUMEMP,NOMEMP,PRENOMEMP,POSTE,SALAIRE,PRIME,CODEPROJET,SUPERIEUR) values ('14','RIVIERE','Maurice','C18','23000',null,null,'15');
Insert into SALTELSQL.EMPLOYE (NUMEMP,NOMEMP,PRENOMEMP,POSTE,SALAIRE,PRIME,CODEPROJET,SUPERIEUR) values ('15','RUSSOT','Eric','C23','30000',null,null,null);
Insert into SALTELSQL.EMPLOYE (NUMEMP,NOMEMP,PRENOMEMP,POSTE,SALAIRE,PRIME,CODEPROJET,SUPERIEUR) values ('16','BERNARDI','Patrick','A14','9800','2500','PR2 ','18');
Insert into SALTELSQL.EMPLOYE (NUMEMP,NOMEMP,PRENOMEMP,POSTE,SALAIRE,PRIME,CODEPROJET,SUPERIEUR) values ('17','BEUGNIES','Maurice','B12','10800','2400','PR1 ','14');
Insert into SALTELSQL.EMPLOYE (NUMEMP,NOMEMP,PRENOMEMP,POSTE,SALAIRE,PRIME,CODEPROJET,SUPERIEUR) values ('18','FARNY','Daniel','B15','11500','1700','PR5 ','8');
Insert into SALTELSQL.EMPLOYE (NUMEMP,NOMEMP,PRENOMEMP,POSTE,SALAIRE,PRIME,CODEPROJET,SUPERIEUR) values ('19','ESTIVAL','Sophie','B17','12000','1000','PR4 ','8');
Insert into SALTELSQL.EMPLOYE (NUMEMP,NOMEMP,PRENOMEMP,POSTE,SALAIRE,PRIME,CODEPROJET,SUPERIEUR) values ('20','LUNEAU','Henri','C17','22500',null,null,'15');
Insert into SALTELSQL.EMPLOYE (NUMEMP,NOMEMP,PRENOMEMP,POSTE,SALAIRE,PRIME,CODEPROJET,SUPERIEUR) values ('21','BRESSON','Pierre','C23','14000',null,null,'15');
REM INSERTING into SALTELSQL.INSCRIT
SET DEFINE OFF;
Insert into SALTELSQL.INSCRIT (NUMEMP,CODESEMI,DATEINSCRIT) values ('1','BR0350216',to_date('26/01/15','DD/MM/RR'));
Insert into SALTELSQL.INSCRIT (NUMEMP,CODESEMI,DATEINSCRIT) values ('2','BR0350216',to_date('29/01/15','DD/MM/RR'));
Insert into SALTELSQL.INSCRIT (NUMEMP,CODESEMI,DATEINSCRIT) values ('3','BR0350216',to_date('29/01/15','DD/MM/RR'));
Insert into SALTELSQL.INSCRIT (NUMEMP,CODESEMI,DATEINSCRIT) values ('7','BR0350316',to_date('02/03/15','DD/MM/RR'));
Insert into SALTELSQL.INSCRIT (NUMEMP,CODESEMI,DATEINSCRIT) values ('5','BR0350316',to_date('02/03/15','DD/MM/RR'));
Insert into SALTELSQL.INSCRIT (NUMEMP,CODESEMI,DATEINSCRIT) values ('6','BR0350316',to_date('10/03/15','DD/MM/RR'));
Insert into SALTELSQL.INSCRIT (NUMEMP,CODESEMI,DATEINSCRIT) values ('4','BR0350316',to_date('10/03/15','DD/MM/RR'));
Insert into SALTELSQL.INSCRIT (NUMEMP,CODESEMI,DATEINSCRIT) values ('8','BR0350525',to_date('04/05/15','DD/MM/RR'));
Insert into SALTELSQL.INSCRIT (NUMEMP,CODESEMI,DATEINSCRIT) values ('9','BR0350525',to_date('05/05/15','DD/MM/RR'));
Insert into SALTELSQL.INSCRIT (NUMEMP,CODESEMI,DATEINSCRIT) values ('10','BR0350525',to_date('05/05/15','DD/MM/RR'));
Insert into SALTELSQL.INSCRIT (NUMEMP,CODESEMI,DATEINSCRIT) values ('11','BR0350525',to_date('13/05/15','DD/MM/RR'));
Insert into SALTELSQL.INSCRIT (NUMEMP,CODESEMI,DATEINSCRIT) values ('12','BR0350525',to_date('20/05/15','DD/MM/RR'));
Insert into SALTELSQL.INSCRIT (NUMEMP,CODESEMI,DATEINSCRIT) values ('16','BR0350907',to_date('27/08/15','DD/MM/RR'));
Insert into SALTELSQL.INSCRIT (NUMEMP,CODESEMI,DATEINSCRIT) values ('13','BR0350907',to_date('27/07/15','DD/MM/RR'));
Insert into SALTELSQL.INSCRIT (NUMEMP,CODESEMI,DATEINSCRIT) values ('14','BR0350907',to_date('31/08/15','DD/MM/RR'));
Insert into SALTELSQL.INSCRIT (NUMEMP,CODESEMI,DATEINSCRIT) values ('18','BR0350907',to_date('01/09/15','DD/MM/RR'));
Insert into SALTELSQL.INSCRIT (NUMEMP,CODESEMI,DATEINSCRIT) values ('15','BR0351019',to_date('01/10/15','DD/MM/RR'));
Insert into SALTELSQL.INSCRIT (NUMEMP,CODESEMI,DATEINSCRIT) values ('19','BR0351019',to_date('02/10/15','DD/MM/RR'));
Insert into SALTELSQL.INSCRIT (NUMEMP,CODESEMI,DATEINSCRIT) values ('20','BR0351019',to_date('07/10/15','DD/MM/RR'));
Insert into SALTELSQL.INSCRIT (NUMEMP,CODESEMI,DATEINSCRIT) values ('1','BR0340413',to_date('07/04/15','DD/MM/RR'));
Insert into SALTELSQL.INSCRIT (NUMEMP,CODESEMI,DATEINSCRIT) values ('3','BR0340413',to_date('07/04/15','DD/MM/RR'));
Insert into SALTELSQL.INSCRIT (NUMEMP,CODESEMI,DATEINSCRIT) values ('4','BR0340413',to_date('09/04/15','DD/MM/RR'));
Insert into SALTELSQL.INSCRIT (NUMEMP,CODESEMI,DATEINSCRIT) values ('2','BR0340518',to_date('04/05/15','DD/MM/RR'));
Insert into SALTELSQL.INSCRIT (NUMEMP,CODESEMI,DATEINSCRIT) values ('5','BR0340518',to_date('15/05/15','DD/MM/RR'));
Insert into SALTELSQL.INSCRIT (NUMEMP,CODESEMI,DATEINSCRIT) values ('6','BR0340518',to_date('11/05/15','DD/MM/RR'));
Insert into SALTELSQL.INSCRIT (NUMEMP,CODESEMI,DATEINSCRIT) values ('7','BR0340518',to_date('06/05/15','DD/MM/RR'));
Insert into SALTELSQL.INSCRIT (NUMEMP,CODESEMI,DATEINSCRIT) values ('8','BR0340518',to_date('04/05/15','DD/MM/RR'));
Insert into SALTELSQL.INSCRIT (NUMEMP,CODESEMI,DATEINSCRIT) values ('9','BR0340921',to_date('31/08/15','DD/MM/RR'));
Insert into SALTELSQL.INSCRIT (NUMEMP,CODESEMI,DATEINSCRIT) values ('10','BR0340921',to_date('10/09/15','DD/MM/RR'));
Insert into SALTELSQL.INSCRIT (NUMEMP,CODESEMI,DATEINSCRIT) values ('12','BR0340921',to_date('07/09/15','DD/MM/RR'));
Insert into SALTELSQL.INSCRIT (NUMEMP,CODESEMI,DATEINSCRIT) values ('13','BR0340921',to_date('01/09/15','DD/MM/RR'));
Insert into SALTELSQL.INSCRIT (NUMEMP,CODESEMI,DATEINSCRIT) values ('14','BR0340921',to_date('01/09/15','DD/MM/RR'));
Insert into SALTELSQL.INSCRIT (NUMEMP,CODESEMI,DATEINSCRIT) values ('16','BR0341020',to_date('05/10/15','DD/MM/RR'));
Insert into SALTELSQL.INSCRIT (NUMEMP,CODESEMI,DATEINSCRIT) values ('17','BR0341020',to_date('12/10/15','DD/MM/RR'));
Insert into SALTELSQL.INSCRIT (NUMEMP,CODESEMI,DATEINSCRIT) values ('11','BR0341020',to_date('12/10/15','DD/MM/RR'));
Insert into SALTELSQL.INSCRIT (NUMEMP,CODESEMI,DATEINSCRIT) values ('18','BR0341207',to_date('30/06/15','DD/MM/RR'));
Insert into SALTELSQL.INSCRIT (NUMEMP,CODESEMI,DATEINSCRIT) values ('19','BR0341207',to_date('02/07/15','DD/MM/RR'));
Insert into SALTELSQL.INSCRIT (NUMEMP,CODESEMI,DATEINSCRIT) values ('15','BR0341207',to_date('01/07/15','DD/MM/RR'));
Insert into SALTELSQL.INSCRIT (NUMEMP,CODESEMI,DATEINSCRIT) values ('20','BR0341207',to_date('30/06/15','DD/MM/RR'));
Insert into SALTELSQL.INSCRIT (NUMEMP,CODESEMI,DATEINSCRIT) values ('1','BR0130223',to_date('10/01/15','DD/MM/RR'));
Insert into SALTELSQL.INSCRIT (NUMEMP,CODESEMI,DATEINSCRIT) values ('2','BR0130223',to_date('10/01/15','DD/MM/RR'));
Insert into SALTELSQL.INSCRIT (NUMEMP,CODESEMI,DATEINSCRIT) values ('4','BR0130223',to_date('20/01/15','DD/MM/RR'));
Insert into SALTELSQL.INSCRIT (NUMEMP,CODESEMI,DATEINSCRIT) values ('8','BR0130223',to_date('20/02/15','DD/MM/RR'));
Insert into SALTELSQL.INSCRIT (NUMEMP,CODESEMI,DATEINSCRIT) values ('15','BR0130914',to_date('20/08/15','DD/MM/RR'));
Insert into SALTELSQL.INSCRIT (NUMEMP,CODESEMI,DATEINSCRIT) values ('16','BR0130914',to_date('22/08/15','DD/MM/RR'));
Insert into SALTELSQL.INSCRIT (NUMEMP,CODESEMI,DATEINSCRIT) values ('12','BR0130914',to_date('03/09/15','DD/MM/RR'));
Insert into SALTELSQL.INSCRIT (NUMEMP,CODESEMI,DATEINSCRIT) values ('17','BR0130914',to_date('01/09/15','DD/MM/RR'));
Insert into SALTELSQL.INSCRIT (NUMEMP,CODESEMI,DATEINSCRIT) values ('18','BR0130914',to_date('22/08/15','DD/MM/RR'));
Insert into SALTELSQL.INSCRIT (NUMEMP,CODESEMI,DATEINSCRIT) values ('5','BR0560210',to_date('26/01/15','DD/MM/RR'));
Insert into SALTELSQL.INSCRIT (NUMEMP,CODESEMI,DATEINSCRIT) values ('7','BR0560210',to_date('27/01/15','DD/MM/RR'));
Insert into SALTELSQL.INSCRIT (NUMEMP,CODESEMI,DATEINSCRIT) values ('3','BR0560210',to_date('04/02/15','DD/MM/RR'));
Insert into SALTELSQL.INSCRIT (NUMEMP,CODESEMI,DATEINSCRIT) values ('9','BR0560210',to_date('05/02/15','DD/MM/RR'));
Insert into SALTELSQL.INSCRIT (NUMEMP,CODESEMI,DATEINSCRIT) values ('1','BR0560525',to_date('11/05/15','DD/MM/RR'));
Insert into SALTELSQL.INSCRIT (NUMEMP,CODESEMI,DATEINSCRIT) values ('2','BR0560525',to_date('12/05/15','DD/MM/RR'));
Insert into SALTELSQL.INSCRIT (NUMEMP,CODESEMI,DATEINSCRIT) values ('13','BR0560525',to_date('12/05/15','DD/MM/RR'));
Insert into SALTELSQL.INSCRIT (NUMEMP,CODESEMI,DATEINSCRIT) values ('14','BR0560525',to_date('13/05/15','DD/MM/RR'));
Insert into SALTELSQL.INSCRIT (NUMEMP,CODESEMI,DATEINSCRIT) values ('17','BR0560914',to_date('01/09/15','DD/MM/RR'));
Insert into SALTELSQL.INSCRIT (NUMEMP,CODESEMI,DATEINSCRIT) values ('19','BR0560914',to_date('04/09/15','DD/MM/RR'));
Insert into SALTELSQL.INSCRIT (NUMEMP,CODESEMI,DATEINSCRIT) values ('18','BR0560914',to_date('07/09/15','DD/MM/RR'));
Insert into SALTELSQL.INSCRIT (NUMEMP,CODESEMI,DATEINSCRIT) values ('20','BR0560914',to_date('08/09/15','DD/MM/RR'));
Insert into SALTELSQL.INSCRIT (NUMEMP,CODESEMI,DATEINSCRIT) values ('1','BR0570323',to_date('09/03/15','DD/MM/RR'));
Insert into SALTELSQL.INSCRIT (NUMEMP,CODESEMI,DATEINSCRIT) values ('4','BR0570323',to_date('11/03/15','DD/MM/RR'));
Insert into SALTELSQL.INSCRIT (NUMEMP,CODESEMI,DATEINSCRIT) values ('5','BR0570323',to_date('13/03/15','DD/MM/RR'));
Insert into SALTELSQL.INSCRIT (NUMEMP,CODESEMI,DATEINSCRIT) values ('10','BR0570928',to_date('14/09/15','DD/MM/RR'));
Insert into SALTELSQL.INSCRIT (NUMEMP,CODESEMI,DATEINSCRIT) values ('11','BR0570928',to_date('15/09/15','DD/MM/RR'));
Insert into SALTELSQL.INSCRIT (NUMEMP,CODESEMI,DATEINSCRIT) values ('13','BR0570928',to_date('21/09/15','DD/MM/RR'));
Insert into SALTELSQL.INSCRIT (NUMEMP,CODESEMI,DATEINSCRIT) values ('15','BR0570928',to_date('21/09/15','DD/MM/RR'));
Insert into SALTELSQL.INSCRIT (NUMEMP,CODESEMI,DATEINSCRIT) values ('14','BR0570928',to_date('23/09/15','DD/MM/RR'));
Insert into SALTELSQL.INSCRIT (NUMEMP,CODESEMI,DATEINSCRIT) values ('17','BR0571012',to_date('01/10/15','DD/MM/RR'));
Insert into SALTELSQL.INSCRIT (NUMEMP,CODESEMI,DATEINSCRIT) values ('16','BR0571012',to_date('02/10/15','DD/MM/RR'));
Insert into SALTELSQL.INSCRIT (NUMEMP,CODESEMI,DATEINSCRIT) values ('9','BR0571012',to_date('02/10/15','DD/MM/RR'));
REM INSERTING into SALTELSQL.PARTICIPER
SET DEFINE OFF;
Insert into SALTELSQL.PARTICIPER (NUMEMP,CODESEMI,CODEJOUR) values ('1','BR0130223','LU');
Insert into SALTELSQL.PARTICIPER (NUMEMP,CODESEMI,CODEJOUR) values ('1','BR0130223','MA');
Insert into SALTELSQL.PARTICIPER (NUMEMP,CODESEMI,CODEJOUR) values ('1','BR0130223','ME');
Insert into SALTELSQL.PARTICIPER (NUMEMP,CODESEMI,CODEJOUR) values ('1','BR0340413','JE');
Insert into SALTELSQL.PARTICIPER (NUMEMP,CODESEMI,CODEJOUR) values ('1','BR0340413','VE');
Insert into SALTELSQL.PARTICIPER (NUMEMP,CODESEMI,CODEJOUR) values ('1','BR0350216','JE');
Insert into SALTELSQL.PARTICIPER (NUMEMP,CODESEMI,CODEJOUR) values ('1','BR0350216','LU');
Insert into SALTELSQL.PARTICIPER (NUMEMP,CODESEMI,CODEJOUR) values ('1','BR0350216','MA');
Insert into SALTELSQL.PARTICIPER (NUMEMP,CODESEMI,CODEJOUR) values ('1','BR0350216','ME');
Insert into SALTELSQL.PARTICIPER (NUMEMP,CODESEMI,CODEJOUR) values ('1','BR0350216','VE');
Insert into SALTELSQL.PARTICIPER (NUMEMP,CODESEMI,CODEJOUR) values ('1','BR0560525','JE');
Insert into SALTELSQL.PARTICIPER (NUMEMP,CODESEMI,CODEJOUR) values ('1','BR0560525','ME');
Insert into SALTELSQL.PARTICIPER (NUMEMP,CODESEMI,CODEJOUR) values ('1','BR0570323','JE');
Insert into SALTELSQL.PARTICIPER (NUMEMP,CODESEMI,CODEJOUR) values ('1','BR0570323','LU');
Insert into SALTELSQL.PARTICIPER (NUMEMP,CODESEMI,CODEJOUR) values ('1','BR0570323','MA');
Insert into SALTELSQL.PARTICIPER (NUMEMP,CODESEMI,CODEJOUR) values ('1','BR0570323','ME');
Insert into SALTELSQL.PARTICIPER (NUMEMP,CODESEMI,CODEJOUR) values ('2','BR0130223','LU');
Insert into SALTELSQL.PARTICIPER (NUMEMP,CODESEMI,CODEJOUR) values ('2','BR0130223','MA');
Insert into SALTELSQL.PARTICIPER (NUMEMP,CODESEMI,CODEJOUR) values ('2','BR0130223','ME');
Insert into SALTELSQL.PARTICIPER (NUMEMP,CODESEMI,CODEJOUR) values ('2','BR0340518','JE');
Insert into SALTELSQL.PARTICIPER (NUMEMP,CODESEMI,CODEJOUR) values ('2','BR0350216','JE');
Insert into SALTELSQL.PARTICIPER (NUMEMP,CODESEMI,CODEJOUR) values ('2','BR0350216','LU');
Insert into SALTELSQL.PARTICIPER (NUMEMP,CODESEMI,CODEJOUR) values ('2','BR0350216','MA');
Insert into SALTELSQL.PARTICIPER (NUMEMP,CODESEMI,CODEJOUR) values ('2','BR0350216','ME');
Insert into SALTELSQL.PARTICIPER (NUMEMP,CODESEMI,CODEJOUR) values ('2','BR0350216','VE');
Insert into SALTELSQL.PARTICIPER (NUMEMP,CODESEMI,CODEJOUR) values ('2','BR0560525','JE');
Insert into SALTELSQL.PARTICIPER (NUMEMP,CODESEMI,CODEJOUR) values ('2','BR0560525','ME');
Insert into SALTELSQL.PARTICIPER (NUMEMP,CODESEMI,CODEJOUR) values ('2','BR0560525','VE');
Insert into SALTELSQL.PARTICIPER (NUMEMP,CODESEMI,CODEJOUR) values ('3','BR0340413','JE');
Insert into SALTELSQL.PARTICIPER (NUMEMP,CODESEMI,CODEJOUR) values ('3','BR0340413','VE');
Insert into SALTELSQL.PARTICIPER (NUMEMP,CODESEMI,CODEJOUR) values ('3','BR0350216','LU');
Insert into SALTELSQL.PARTICIPER (NUMEMP,CODESEMI,CODEJOUR) values ('3','BR0350216','MA');
Insert into SALTELSQL.PARTICIPER (NUMEMP,CODESEMI,CODEJOUR) values ('3','BR0350216','ME');
Insert into SALTELSQL.PARTICIPER (NUMEMP,CODESEMI,CODEJOUR) values ('3','BR0560210','JE');
Insert into SALTELSQL.PARTICIPER (NUMEMP,CODESEMI,CODEJOUR) values ('3','BR0560210','ME');
Insert into SALTELSQL.PARTICIPER (NUMEMP,CODESEMI,CODEJOUR) values ('4','BR0130223','LU');
Insert into SALTELSQL.PARTICIPER (NUMEMP,CODESEMI,CODEJOUR) values ('4','BR0130223','MA');
Insert into SALTELSQL.PARTICIPER (NUMEMP,CODESEMI,CODEJOUR) values ('4','BR0340413','JE');
Insert into SALTELSQL.PARTICIPER (NUMEMP,CODESEMI,CODEJOUR) values ('4','BR0340413','VE');
Insert into SALTELSQL.PARTICIPER (NUMEMP,CODESEMI,CODEJOUR) values ('4','BR0350316','LU');
Insert into SALTELSQL.PARTICIPER (NUMEMP,CODESEMI,CODEJOUR) values ('4','BR0350316','MA');
Insert into SALTELSQL.PARTICIPER (NUMEMP,CODESEMI,CODEJOUR) values ('4','BR0350316','ME');
Insert into SALTELSQL.PARTICIPER (NUMEMP,CODESEMI,CODEJOUR) values ('4','BR0350316','VE');
Insert into SALTELSQL.PARTICIPER (NUMEMP,CODESEMI,CODEJOUR) values ('4','BR0570323','JE');
Insert into SALTELSQL.PARTICIPER (NUMEMP,CODESEMI,CODEJOUR) values ('4','BR0570323','LU');
Insert into SALTELSQL.PARTICIPER (NUMEMP,CODESEMI,CODEJOUR) values ('4','BR0570323','MA');
Insert into SALTELSQL.PARTICIPER (NUMEMP,CODESEMI,CODEJOUR) values ('4','BR0570323','ME');
Insert into SALTELSQL.PARTICIPER (NUMEMP,CODESEMI,CODEJOUR) values ('5','BR0340518','JE');
Insert into SALTELSQL.PARTICIPER (NUMEMP,CODESEMI,CODEJOUR) values ('5','BR0340518','VE');
Insert into SALTELSQL.PARTICIPER (NUMEMP,CODESEMI,CODEJOUR) values ('5','BR0350316','JE');
Insert into SALTELSQL.PARTICIPER (NUMEMP,CODESEMI,CODEJOUR) values ('5','BR0350316','LU');
Insert into SALTELSQL.PARTICIPER (NUMEMP,CODESEMI,CODEJOUR) values ('5','BR0350316','MA');
Insert into SALTELSQL.PARTICIPER (NUMEMP,CODESEMI,CODEJOUR) values ('5','BR0350316','ME');
Insert into SALTELSQL.PARTICIPER (NUMEMP,CODESEMI,CODEJOUR) values ('5','BR0350316','VE');
Insert into SALTELSQL.PARTICIPER (NUMEMP,CODESEMI,CODEJOUR) values ('5','BR0560210','JE');
Insert into SALTELSQL.PARTICIPER (NUMEMP,CODESEMI,CODEJOUR) values ('5','BR0560210','ME');
Insert into SALTELSQL.PARTICIPER (NUMEMP,CODESEMI,CODEJOUR) values ('5','BR0560210','VE');
Insert into SALTELSQL.PARTICIPER (NUMEMP,CODESEMI,CODEJOUR) values ('5','BR0570323','LU');
Insert into SALTELSQL.PARTICIPER (NUMEMP,CODESEMI,CODEJOUR) values ('5','BR0570323','MA');
Insert into SALTELSQL.PARTICIPER (NUMEMP,CODESEMI,CODEJOUR) values ('6','BR0340518','JE');
Insert into SALTELSQL.PARTICIPER (NUMEMP,CODESEMI,CODEJOUR) values ('6','BR0340518','VE');
Insert into SALTELSQL.PARTICIPER (NUMEMP,CODESEMI,CODEJOUR) values ('6','BR0350316','LU');
Insert into SALTELSQL.PARTICIPER (NUMEMP,CODESEMI,CODEJOUR) values ('7','BR0340518','JE');
Insert into SALTELSQL.PARTICIPER (NUMEMP,CODESEMI,CODEJOUR) values ('7','BR0350316','JE');
Insert into SALTELSQL.PARTICIPER (NUMEMP,CODESEMI,CODEJOUR) values ('7','BR0350316','LU');
Insert into SALTELSQL.PARTICIPER (NUMEMP,CODESEMI,CODEJOUR) values ('7','BR0350316','MA');
Insert into SALTELSQL.PARTICIPER (NUMEMP,CODESEMI,CODEJOUR) values ('7','BR0350316','ME');
Insert into SALTELSQL.PARTICIPER (NUMEMP,CODESEMI,CODEJOUR) values ('7','BR0560210','JE');
Insert into SALTELSQL.PARTICIPER (NUMEMP,CODESEMI,CODEJOUR) values ('7','BR0560210','ME');
Insert into SALTELSQL.PARTICIPER (NUMEMP,CODESEMI,CODEJOUR) values ('7','BR0560210','VE');
Insert into SALTELSQL.PARTICIPER (NUMEMP,CODESEMI,CODEJOUR) values ('8','BR0130223','LU');
Insert into SALTELSQL.PARTICIPER (NUMEMP,CODESEMI,CODEJOUR) values ('8','BR0130223','MA');
Insert into SALTELSQL.PARTICIPER (NUMEMP,CODESEMI,CODEJOUR) values ('8','BR0130223','ME');
Insert into SALTELSQL.PARTICIPER (NUMEMP,CODESEMI,CODEJOUR) values ('8','BR0340518','JE');
Insert into SALTELSQL.PARTICIPER (NUMEMP,CODESEMI,CODEJOUR) values ('8','BR0340518','VE');
Insert into SALTELSQL.PARTICIPER (NUMEMP,CODESEMI,CODEJOUR) values ('8','BR0350525','JE');
Insert into SALTELSQL.PARTICIPER (NUMEMP,CODESEMI,CODEJOUR) values ('8','BR0350525','LU');
Insert into SALTELSQL.PARTICIPER (NUMEMP,CODESEMI,CODEJOUR) values ('8','BR0350525','MA');
Insert into SALTELSQL.PARTICIPER (NUMEMP,CODESEMI,CODEJOUR) values ('8','BR0350525','ME');
Insert into SALTELSQL.PARTICIPER (NUMEMP,CODESEMI,CODEJOUR) values ('8','BR0350525','VE');
Insert into SALTELSQL.PARTICIPER (NUMEMP,CODESEMI,CODEJOUR) values ('9','BR0340921','JE');
Insert into SALTELSQL.PARTICIPER (NUMEMP,CODESEMI,CODEJOUR) values ('9','BR0350525','JE');
Insert into SALTELSQL.PARTICIPER (NUMEMP,CODESEMI,CODEJOUR) values ('9','BR0350525','LU');
Insert into SALTELSQL.PARTICIPER (NUMEMP,CODESEMI,CODEJOUR) values ('9','BR0350525','ME');
Insert into SALTELSQL.PARTICIPER (NUMEMP,CODESEMI,CODEJOUR) values ('9','BR0350525','VE');
Insert into SALTELSQL.PARTICIPER (NUMEMP,CODESEMI,CODEJOUR) values ('9','BR0560210','JE');
Insert into SALTELSQL.PARTICIPER (NUMEMP,CODESEMI,CODEJOUR) values ('9','BR0560210','ME');
Insert into SALTELSQL.PARTICIPER (NUMEMP,CODESEMI,CODEJOUR) values ('9','BR0560210','VE');
Insert into SALTELSQL.PARTICIPER (NUMEMP,CODESEMI,CODEJOUR) values ('9','BR0571012','LU');
Insert into SALTELSQL.PARTICIPER (NUMEMP,CODESEMI,CODEJOUR) values ('9','BR0571012','MA');
Insert into SALTELSQL.PARTICIPER (NUMEMP,CODESEMI,CODEJOUR) values ('10','BR0340921','JE');
Insert into SALTELSQL.PARTICIPER (NUMEMP,CODESEMI,CODEJOUR) values ('10','BR0350525','JE');
Insert into SALTELSQL.PARTICIPER (NUMEMP,CODESEMI,CODEJOUR) values ('10','BR0350525','LU');
Insert into SALTELSQL.PARTICIPER (NUMEMP,CODESEMI,CODEJOUR) values ('10','BR0350525','MA');
Insert into SALTELSQL.PARTICIPER (NUMEMP,CODESEMI,CODEJOUR) values ('10','BR0350525','ME');
Insert into SALTELSQL.PARTICIPER (NUMEMP,CODESEMI,CODEJOUR) values ('10','BR0350525','VE');
Insert into SALTELSQL.PARTICIPER (NUMEMP,CODESEMI,CODEJOUR) values ('10','BR0570928','LU');
Insert into SALTELSQL.PARTICIPER (NUMEMP,CODESEMI,CODEJOUR) values ('10','BR0570928','MA');
Insert into SALTELSQL.PARTICIPER (NUMEMP,CODESEMI,CODEJOUR) values ('10','BR0570928','ME');
Insert into SALTELSQL.PARTICIPER (NUMEMP,CODESEMI,CODEJOUR) values ('11','BR0341020','JE');
Insert into SALTELSQL.PARTICIPER (NUMEMP,CODESEMI,CODEJOUR) values ('11','BR0341020','VE');
Insert into SALTELSQL.PARTICIPER (NUMEMP,CODESEMI,CODEJOUR) values ('11','BR0350525','LU');
Insert into SALTELSQL.PARTICIPER (NUMEMP,CODESEMI,CODEJOUR) values ('11','BR0350525','MA');
Insert into SALTELSQL.PARTICIPER (NUMEMP,CODESEMI,CODEJOUR) values ('11','BR0350525','ME');
Insert into SALTELSQL.PARTICIPER (NUMEMP,CODESEMI,CODEJOUR) values ('11','BR0350525','VE');
Insert into SALTELSQL.PARTICIPER (NUMEMP,CODESEMI,CODEJOUR) values ('11','BR0570928','JE');
Insert into SALTELSQL.PARTICIPER (NUMEMP,CODESEMI,CODEJOUR) values ('11','BR0570928','LU');
Insert into SALTELSQL.PARTICIPER (NUMEMP,CODESEMI,CODEJOUR) values ('11','BR0570928','MA');
Insert into SALTELSQL.PARTICIPER (NUMEMP,CODESEMI,CODEJOUR) values ('11','BR0570928','ME');
Insert into SALTELSQL.PARTICIPER (NUMEMP,CODESEMI,CODEJOUR) values ('12','BR0130914','LU');
Insert into SALTELSQL.PARTICIPER (NUMEMP,CODESEMI,CODEJOUR) values ('12','BR0130914','MA');
Insert into SALTELSQL.PARTICIPER (NUMEMP,CODESEMI,CODEJOUR) values ('12','BR0340921','JE');
Insert into SALTELSQL.PARTICIPER (NUMEMP,CODESEMI,CODEJOUR) values ('12','BR0340921','VE');
Insert into SALTELSQL.PARTICIPER (NUMEMP,CODESEMI,CODEJOUR) values ('12','BR0350525','JE');
Insert into SALTELSQL.PARTICIPER (NUMEMP,CODESEMI,CODEJOUR) values ('12','BR0350525','LU');
Insert into SALTELSQL.PARTICIPER (NUMEMP,CODESEMI,CODEJOUR) values ('12','BR0350525','MA');
Insert into SALTELSQL.PARTICIPER (NUMEMP,CODESEMI,CODEJOUR) values ('12','BR0350525','ME');
Insert into SALTELSQL.PARTICIPER (NUMEMP,CODESEMI,CODEJOUR) values ('12','BR0350525','VE');
Insert into SALTELSQL.PARTICIPER (NUMEMP,CODESEMI,CODEJOUR) values ('13','BR0340921','JE');
Insert into SALTELSQL.PARTICIPER (NUMEMP,CODESEMI,CODEJOUR) values ('13','BR0340921','VE');
Insert into SALTELSQL.PARTICIPER (NUMEMP,CODESEMI,CODEJOUR) values ('13','BR0350907','JE');
Insert into SALTELSQL.PARTICIPER (NUMEMP,CODESEMI,CODEJOUR) values ('13','BR0350907','LU');
Insert into SALTELSQL.PARTICIPER (NUMEMP,CODESEMI,CODEJOUR) values ('13','BR0350907','MA');
Insert into SALTELSQL.PARTICIPER (NUMEMP,CODESEMI,CODEJOUR) values ('13','BR0350907','ME');
Insert into SALTELSQL.PARTICIPER (NUMEMP,CODESEMI,CODEJOUR) values ('13','BR0560525','JE');
Insert into SALTELSQL.PARTICIPER (NUMEMP,CODESEMI,CODEJOUR) values ('13','BR0560525','ME');
Insert into SALTELSQL.PARTICIPER (NUMEMP,CODESEMI,CODEJOUR) values ('13','BR0570928','JE');
Insert into SALTELSQL.PARTICIPER (NUMEMP,CODESEMI,CODEJOUR) values ('13','BR0570928','LU');
Insert into SALTELSQL.PARTICIPER (NUMEMP,CODESEMI,CODEJOUR) values ('13','BR0570928','MA');
Insert into SALTELSQL.PARTICIPER (NUMEMP,CODESEMI,CODEJOUR) values ('13','BR0570928','ME');
Insert into SALTELSQL.PARTICIPER (NUMEMP,CODESEMI,CODEJOUR) values ('14','BR0340921','JE');
Insert into SALTELSQL.PARTICIPER (NUMEMP,CODESEMI,CODEJOUR) values ('14','BR0340921','VE');
Insert into SALTELSQL.PARTICIPER (NUMEMP,CODESEMI,CODEJOUR) values ('14','BR0350907','JE');
Insert into SALTELSQL.PARTICIPER (NUMEMP,CODESEMI,CODEJOUR) values ('14','BR0350907','LU');
Insert into SALTELSQL.PARTICIPER (NUMEMP,CODESEMI,CODEJOUR) values ('14','BR0350907','MA');
Insert into SALTELSQL.PARTICIPER (NUMEMP,CODESEMI,CODEJOUR) values ('14','BR0350907','ME');
Insert into SALTELSQL.PARTICIPER (NUMEMP,CODESEMI,CODEJOUR) values ('14','BR0350907','VE');
Insert into SALTELSQL.PARTICIPER (NUMEMP,CODESEMI,CODEJOUR) values ('14','BR0560525','JE');
Insert into SALTELSQL.PARTICIPER (NUMEMP,CODESEMI,CODEJOUR) values ('14','BR0560525','ME');
Insert into SALTELSQL.PARTICIPER (NUMEMP,CODESEMI,CODEJOUR) values ('14','BR0560525','VE');
Insert into SALTELSQL.PARTICIPER (NUMEMP,CODESEMI,CODEJOUR) values ('14','BR0570928','LU');
Insert into SALTELSQL.PARTICIPER (NUMEMP,CODESEMI,CODEJOUR) values ('14','BR0570928','MA');
Insert into SALTELSQL.PARTICIPER (NUMEMP,CODESEMI,CODEJOUR) values ('14','BR0570928','ME');
Insert into SALTELSQL.PARTICIPER (NUMEMP,CODESEMI,CODEJOUR) values ('15','BR0130914','LU');
Insert into SALTELSQL.PARTICIPER (NUMEMP,CODESEMI,CODEJOUR) values ('15','BR0130914','MA');
Insert into SALTELSQL.PARTICIPER (NUMEMP,CODESEMI,CODEJOUR) values ('15','BR0341207','JE');
Insert into SALTELSQL.PARTICIPER (NUMEMP,CODESEMI,CODEJOUR) values ('15','BR0341207','VE');
Insert into SALTELSQL.PARTICIPER (NUMEMP,CODESEMI,CODEJOUR) values ('15','BR0351019','JE');
Insert into SALTELSQL.PARTICIPER (NUMEMP,CODESEMI,CODEJOUR) values ('15','BR0351019','LU');
Insert into SALTELSQL.PARTICIPER (NUMEMP,CODESEMI,CODEJOUR) values ('15','BR0351019','MA');
Insert into SALTELSQL.PARTICIPER (NUMEMP,CODESEMI,CODEJOUR) values ('15','BR0351019','ME');
Insert into SALTELSQL.PARTICIPER (NUMEMP,CODESEMI,CODEJOUR) values ('15','BR0351019','VE');
Insert into SALTELSQL.PARTICIPER (NUMEMP,CODESEMI,CODEJOUR) values ('15','BR0570928','LU');
Insert into SALTELSQL.PARTICIPER (NUMEMP,CODESEMI,CODEJOUR) values ('16','BR0130914','LU');
Insert into SALTELSQL.PARTICIPER (NUMEMP,CODESEMI,CODEJOUR) values ('16','BR0130914','MA');
Insert into SALTELSQL.PARTICIPER (NUMEMP,CODESEMI,CODEJOUR) values ('16','BR0130914','ME');
Insert into SALTELSQL.PARTICIPER (NUMEMP,CODESEMI,CODEJOUR) values ('16','BR0341020','JE');
Insert into SALTELSQL.PARTICIPER (NUMEMP,CODESEMI,CODEJOUR) values ('16','BR0341020','VE');
Insert into SALTELSQL.PARTICIPER (NUMEMP,CODESEMI,CODEJOUR) values ('16','BR0350907','LU');
Insert into SALTELSQL.PARTICIPER (NUMEMP,CODESEMI,CODEJOUR) values ('16','BR0350907','MA');
Insert into SALTELSQL.PARTICIPER (NUMEMP,CODESEMI,CODEJOUR) values ('16','BR0350907','ME');
Insert into SALTELSQL.PARTICIPER (NUMEMP,CODESEMI,CODEJOUR) values ('16','BR0571012','LU');
Insert into SALTELSQL.PARTICIPER (NUMEMP,CODESEMI,CODEJOUR) values ('16','BR0571012','MA');
Insert into SALTELSQL.PARTICIPER (NUMEMP,CODESEMI,CODEJOUR) values ('16','BR0571012','ME');
Insert into SALTELSQL.PARTICIPER (NUMEMP,CODESEMI,CODEJOUR) values ('17','BR0130914','LU');
Insert into SALTELSQL.PARTICIPER (NUMEMP,CODESEMI,CODEJOUR) values ('17','BR0130914','MA');
Insert into SALTELSQL.PARTICIPER (NUMEMP,CODESEMI,CODEJOUR) values ('17','BR0130914','ME');
Insert into SALTELSQL.PARTICIPER (NUMEMP,CODESEMI,CODEJOUR) values ('17','BR0341020','JE');
Insert into SALTELSQL.PARTICIPER (NUMEMP,CODESEMI,CODEJOUR) values ('17','BR0560914','JE');
Insert into SALTELSQL.PARTICIPER (NUMEMP,CODESEMI,CODEJOUR) values ('17','BR0560914','ME');
Insert into SALTELSQL.PARTICIPER (NUMEMP,CODESEMI,CODEJOUR) values ('17','BR0571012','JE');
Insert into SALTELSQL.PARTICIPER (NUMEMP,CODESEMI,CODEJOUR) values ('17','BR0571012','LU');
Insert into SALTELSQL.PARTICIPER (NUMEMP,CODESEMI,CODEJOUR) values ('17','BR0571012','MA');
Insert into SALTELSQL.PARTICIPER (NUMEMP,CODESEMI,CODEJOUR) values ('17','BR0571012','ME');
Insert into SALTELSQL.PARTICIPER (NUMEMP,CODESEMI,CODEJOUR) values ('18','BR0130914','LU');
Insert into SALTELSQL.PARTICIPER (NUMEMP,CODESEMI,CODEJOUR) values ('18','BR0341207','JE');
Insert into SALTELSQL.PARTICIPER (NUMEMP,CODESEMI,CODEJOUR) values ('18','BR0341207','VE');
Insert into SALTELSQL.PARTICIPER (NUMEMP,CODESEMI,CODEJOUR) values ('18','BR0350907','JE');
Insert into SALTELSQL.PARTICIPER (NUMEMP,CODESEMI,CODEJOUR) values ('18','BR0350907','LU');
Insert into SALTELSQL.PARTICIPER (NUMEMP,CODESEMI,CODEJOUR) values ('18','BR0350907','ME');
Insert into SALTELSQL.PARTICIPER (NUMEMP,CODESEMI,CODEJOUR) values ('18','BR0350907','VE');
Insert into SALTELSQL.PARTICIPER (NUMEMP,CODESEMI,CODEJOUR) values ('18','BR0560914','JE');
Insert into SALTELSQL.PARTICIPER (NUMEMP,CODESEMI,CODEJOUR) values ('18','BR0560914','ME');
Insert into SALTELSQL.PARTICIPER (NUMEMP,CODESEMI,CODEJOUR) values ('18','BR0560914','VE');
Insert into SALTELSQL.PARTICIPER (NUMEMP,CODESEMI,CODEJOUR) values ('19','BR0341207','JE');
Insert into SALTELSQL.PARTICIPER (NUMEMP,CODESEMI,CODEJOUR) values ('19','BR0351019','JE');
Insert into SALTELSQL.PARTICIPER (NUMEMP,CODESEMI,CODEJOUR) values ('19','BR0351019','LU');
Insert into SALTELSQL.PARTICIPER (NUMEMP,CODESEMI,CODEJOUR) values ('19','BR0351019','MA');
Insert into SALTELSQL.PARTICIPER (NUMEMP,CODESEMI,CODEJOUR) values ('19','BR0351019','ME');
Insert into SALTELSQL.PARTICIPER (NUMEMP,CODESEMI,CODEJOUR) values ('19','BR0351019','VE');
Insert into SALTELSQL.PARTICIPER (NUMEMP,CODESEMI,CODEJOUR) values ('19','BR0560914','ME');
Insert into SALTELSQL.PARTICIPER (NUMEMP,CODESEMI,CODEJOUR) values ('20','BR0341207','JE');
Insert into SALTELSQL.PARTICIPER (NUMEMP,CODESEMI,CODEJOUR) values ('20','BR0341207','VE');
Insert into SALTELSQL.PARTICIPER (NUMEMP,CODESEMI,CODEJOUR) values ('20','BR0351019','JE');
Insert into SALTELSQL.PARTICIPER (NUMEMP,CODESEMI,CODEJOUR) values ('20','BR0351019','LU');
Insert into SALTELSQL.PARTICIPER (NUMEMP,CODESEMI,CODEJOUR) values ('20','BR0351019','MA');
Insert into SALTELSQL.PARTICIPER (NUMEMP,CODESEMI,CODEJOUR) values ('20','BR0351019','ME');
Insert into SALTELSQL.PARTICIPER (NUMEMP,CODESEMI,CODEJOUR) values ('20','BR0560914','JE');
Insert into SALTELSQL.PARTICIPER (NUMEMP,CODESEMI,CODEJOUR) values ('20','BR0560914','ME');
REM INSERTING into SALTELSQL.PROJET
SET DEFINE OFF;
Insert into SALTELSQL.PROJET (CODEPROJET,NOMPROJET,DEBUTPROJ,FINPREVUE,NOMCONTACT) values ('PR1 ','Anciens combattants',to_date('12/01/15','DD/MM/RR'),to_date('30/06/15','DD/MM/RR'),'Monsieur DUROI');
Insert into SALTELSQL.PROJET (CODEPROJET,NOMPROJET,DEBUTPROJ,FINPREVUE,NOMCONTACT) values ('PR2 ','Paye ADCV',to_date('06/04/15','DD/MM/RR'),to_date('27/11/15','DD/MM/RR'),'Monsieur MEYZANDIER');
Insert into SALTELSQL.PROJET (CODEPROJET,NOMPROJET,DEBUTPROJ,FINPREVUE,NOMCONTACT) values ('PR3 ','Pensions',to_date('13/04/15','DD/MM/RR'),to_date('30/10/15','DD/MM/RR'),'Madame MOULINIE');
Insert into SALTELSQL.PROJET (CODEPROJET,NOMPROJET,DEBUTPROJ,FINPREVUE,NOMCONTACT) values ('PR4 ','Refonte base pieces',to_date('04/05/15','DD/MM/RR'),to_date('18/11/15','DD/MM/RR'),'Monsieur BERTIN');
Insert into SALTELSQL.PROJET (CODEPROJET,NOMPROJET,DEBUTPROJ,FINPREVUE,NOMCONTACT) values ('PR5 ','Miroiterie Bonnet',to_date('15/06/15','DD/MM/RR'),to_date('03/12/15','DD/MM/RR'),'Monsieur BONNET');
REM INSERTING into SALTELSQL.SEMINAIRE
SET DEFINE OFF;
Insert into SALTELSQL.SEMINAIRE (CODESEMI,CODECOURS,DATEDEBUTSEM) values ('BR0350216','BR035',to_date('16/02/15','DD/MM/RR'));
Insert into SALTELSQL.SEMINAIRE (CODESEMI,CODECOURS,DATEDEBUTSEM) values ('BR0350316','BR035',to_date('16/03/15','DD/MM/RR'));
Insert into SALTELSQL.SEMINAIRE (CODESEMI,CODECOURS,DATEDEBUTSEM) values ('BR0350525','BR035',to_date('25/05/15','DD/MM/RR'));
Insert into SALTELSQL.SEMINAIRE (CODESEMI,CODECOURS,DATEDEBUTSEM) values ('BR0350907','BR035',to_date('07/09/15','DD/MM/RR'));
Insert into SALTELSQL.SEMINAIRE (CODESEMI,CODECOURS,DATEDEBUTSEM) values ('BR0351019','BR035',to_date('19/10/15','DD/MM/RR'));
Insert into SALTELSQL.SEMINAIRE (CODESEMI,CODECOURS,DATEDEBUTSEM) values ('BR0340413','BR034',to_date('13/04/15','DD/MM/RR'));
Insert into SALTELSQL.SEMINAIRE (CODESEMI,CODECOURS,DATEDEBUTSEM) values ('BR0340518','BR034',to_date('18/05/15','DD/MM/RR'));
Insert into SALTELSQL.SEMINAIRE (CODESEMI,CODECOURS,DATEDEBUTSEM) values ('BR0340921','BR034',to_date('24/09/15','DD/MM/RR'));
Insert into SALTELSQL.SEMINAIRE (CODESEMI,CODECOURS,DATEDEBUTSEM) values ('BR0341020','BR034',to_date('20/10/15','DD/MM/RR'));
Insert into SALTELSQL.SEMINAIRE (CODESEMI,CODECOURS,DATEDEBUTSEM) values ('BR0341207','BR034',to_date('07/12/15','DD/MM/RR'));
Insert into SALTELSQL.SEMINAIRE (CODESEMI,CODECOURS,DATEDEBUTSEM) values ('BR0130223','BR013',to_date('23/02/15','DD/MM/RR'));
Insert into SALTELSQL.SEMINAIRE (CODESEMI,CODECOURS,DATEDEBUTSEM) values ('BR0130914','BR013',to_date('14/09/15','DD/MM/RR'));
Insert into SALTELSQL.SEMINAIRE (CODESEMI,CODECOURS,DATEDEBUTSEM) values ('BR0560210','BR056',to_date('11/02/15','DD/MM/RR'));
Insert into SALTELSQL.SEMINAIRE (CODESEMI,CODECOURS,DATEDEBUTSEM) values ('BR0560525','BR056',to_date('25/05/15','DD/MM/RR'));
Insert into SALTELSQL.SEMINAIRE (CODESEMI,CODECOURS,DATEDEBUTSEM) values ('BR0560914','BR056',to_date('14/09/15','DD/MM/RR'));
Insert into SALTELSQL.SEMINAIRE (CODESEMI,CODECOURS,DATEDEBUTSEM) values ('BR0570323','BR057',to_date('23/03/15','DD/MM/RR'));
Insert into SALTELSQL.SEMINAIRE (CODESEMI,CODECOURS,DATEDEBUTSEM) values ('BR0570928','BR057',to_date('28/09/15','DD/MM/RR'));
Insert into SALTELSQL.SEMINAIRE (CODESEMI,CODECOURS,DATEDEBUTSEM) values ('BR0571012','BR057',to_date('12/10/15','DD/MM/RR'));
Insert into SALTELSQL.SEMINAIRE (CODESEMI,CODECOURS,DATEDEBUTSEM) values ('BR0701012','BR070',to_date('12/10/15','DD/MM/RR'));
--------------------------------------------------------
--  DDL for Index PK_COURS
--------------------------------------------------------

  CREATE UNIQUE INDEX "SALTELSQL"."PK_COURS" ON "SALTELSQL"."COURS" ("CODECOURS") 
  PCTFREE 10 INITRANS 2 MAXTRANS 255 COMPUTE STATISTICS 
  STORAGE(INITIAL 65536 NEXT 1048576 MINEXTENTS 1 MAXEXTENTS 2147483645
  PCTINCREASE 0 FREELISTS 1 FREELIST GROUPS 1 BUFFER_POOL DEFAULT FLASH_CACHE DEFAULT CELL_FLASH_CACHE DEFAULT)
  TABLESPACE "USERS" ;
--------------------------------------------------------
--  DDL for Index PK_EMPLOYE
--------------------------------------------------------

  CREATE UNIQUE INDEX "SALTELSQL"."PK_EMPLOYE" ON "SALTELSQL"."EMPLOYE" ("NUMEMP") 
  PCTFREE 10 INITRANS 2 MAXTRANS 255 COMPUTE STATISTICS 
  STORAGE(INITIAL 65536 NEXT 1048576 MINEXTENTS 1 MAXEXTENTS 2147483645
  PCTINCREASE 0 FREELISTS 1 FREELIST GROUPS 1 BUFFER_POOL DEFAULT FLASH_CACHE DEFAULT CELL_FLASH_CACHE DEFAULT)
  TABLESPACE "USERS" ;
--------------------------------------------------------
--  DDL for Index FK1_EMPLOYE
--------------------------------------------------------

  CREATE INDEX "SALTELSQL"."FK1_EMPLOYE" ON "SALTELSQL"."EMPLOYE" ("SUPERIEUR") 
  PCTFREE 10 INITRANS 2 MAXTRANS 255 COMPUTE STATISTICS 
  STORAGE(INITIAL 65536 NEXT 1048576 MINEXTENTS 1 MAXEXTENTS 2147483645
  PCTINCREASE 0 FREELISTS 1 FREELIST GROUPS 1 BUFFER_POOL DEFAULT FLASH_CACHE DEFAULT CELL_FLASH_CACHE DEFAULT)
  TABLESPACE "USERS" ;
--------------------------------------------------------
--  DDL for Index FK2_EMPLOYE
--------------------------------------------------------

  CREATE INDEX "SALTELSQL"."FK2_EMPLOYE" ON "SALTELSQL"."EMPLOYE" ("CODEPROJET") 
  PCTFREE 10 INITRANS 2 MAXTRANS 255 COMPUTE STATISTICS 
  STORAGE(INITIAL 65536 NEXT 1048576 MINEXTENTS 1 MAXEXTENTS 2147483645
  PCTINCREASE 0 FREELISTS 1 FREELIST GROUPS 1 BUFFER_POOL DEFAULT FLASH_CACHE DEFAULT CELL_FLASH_CACHE DEFAULT)
  TABLESPACE "USERS" ;
--------------------------------------------------------
--  DDL for Index PK_INSCRIT
--------------------------------------------------------

  CREATE UNIQUE INDEX "SALTELSQL"."PK_INSCRIT" ON "SALTELSQL"."INSCRIT" ("CODESEMI", "NUMEMP") 
  PCTFREE 10 INITRANS 2 MAXTRANS 255 COMPUTE STATISTICS 
  STORAGE(INITIAL 65536 NEXT 1048576 MINEXTENTS 1 MAXEXTENTS 2147483645
  PCTINCREASE 0 FREELISTS 1 FREELIST GROUPS 1 BUFFER_POOL DEFAULT FLASH_CACHE DEFAULT CELL_FLASH_CACHE DEFAULT)
  TABLESPACE "USERS" ;
--------------------------------------------------------
--  DDL for Index FK1_INSCRIT
--------------------------------------------------------

  CREATE INDEX "SALTELSQL"."FK1_INSCRIT" ON "SALTELSQL"."INSCRIT" ("CODESEMI") 
  PCTFREE 10 INITRANS 2 MAXTRANS 255 COMPUTE STATISTICS 
  STORAGE(INITIAL 65536 NEXT 1048576 MINEXTENTS 1 MAXEXTENTS 2147483645
  PCTINCREASE 0 FREELISTS 1 FREELIST GROUPS 1 BUFFER_POOL DEFAULT FLASH_CACHE DEFAULT CELL_FLASH_CACHE DEFAULT)
  TABLESPACE "USERS" ;
--------------------------------------------------------
--  DDL for Index FK2_INSCRIT
--------------------------------------------------------

  CREATE INDEX "SALTELSQL"."FK2_INSCRIT" ON "SALTELSQL"."INSCRIT" ("NUMEMP") 
  PCTFREE 10 INITRANS 2 MAXTRANS 255 COMPUTE STATISTICS 
  STORAGE(INITIAL 65536 NEXT 1048576 MINEXTENTS 1 MAXEXTENTS 2147483645
  PCTINCREASE 0 FREELISTS 1 FREELIST GROUPS 1 BUFFER_POOL DEFAULT FLASH_CACHE DEFAULT CELL_FLASH_CACHE DEFAULT)
  TABLESPACE "USERS" ;
--------------------------------------------------------
--  DDL for Index PK_PARTICIPER
--------------------------------------------------------

  CREATE UNIQUE INDEX "SALTELSQL"."PK_PARTICIPER" ON "SALTELSQL"."PARTICIPER" ("NUMEMP", "CODESEMI", "CODEJOUR") 
  PCTFREE 10 INITRANS 2 MAXTRANS 255 COMPUTE STATISTICS 
  STORAGE(INITIAL 65536 NEXT 1048576 MINEXTENTS 1 MAXEXTENTS 2147483645
  PCTINCREASE 0 FREELISTS 1 FREELIST GROUPS 1 BUFFER_POOL DEFAULT FLASH_CACHE DEFAULT CELL_FLASH_CACHE DEFAULT)
  TABLESPACE "USERS" ;
--------------------------------------------------------
--  DDL for Index FK1_PARTICIPER
--------------------------------------------------------

  CREATE INDEX "SALTELSQL"."FK1_PARTICIPER" ON "SALTELSQL"."PARTICIPER" ("CODESEMI") 
  PCTFREE 10 INITRANS 2 MAXTRANS 255 COMPUTE STATISTICS 
  STORAGE(INITIAL 65536 NEXT 1048576 MINEXTENTS 1 MAXEXTENTS 2147483645
  PCTINCREASE 0 FREELISTS 1 FREELIST GROUPS 1 BUFFER_POOL DEFAULT FLASH_CACHE DEFAULT CELL_FLASH_CACHE DEFAULT)
  TABLESPACE "USERS" ;
--------------------------------------------------------
--  DDL for Index FK2_PARTICIPER
--------------------------------------------------------

  CREATE INDEX "SALTELSQL"."FK2_PARTICIPER" ON "SALTELSQL"."PARTICIPER" ("NUMEMP") 
  PCTFREE 10 INITRANS 2 MAXTRANS 255 COMPUTE STATISTICS 
  STORAGE(INITIAL 65536 NEXT 1048576 MINEXTENTS 1 MAXEXTENTS 2147483645
  PCTINCREASE 0 FREELISTS 1 FREELIST GROUPS 1 BUFFER_POOL DEFAULT FLASH_CACHE DEFAULT CELL_FLASH_CACHE DEFAULT)
  TABLESPACE "USERS" ;
--------------------------------------------------------
--  DDL for Index PK_PROJET
--------------------------------------------------------

  CREATE UNIQUE INDEX "SALTELSQL"."PK_PROJET" ON "SALTELSQL"."PROJET" ("CODEPROJET") 
  PCTFREE 10 INITRANS 2 MAXTRANS 255 COMPUTE STATISTICS 
  STORAGE(INITIAL 65536 NEXT 1048576 MINEXTENTS 1 MAXEXTENTS 2147483645
  PCTINCREASE 0 FREELISTS 1 FREELIST GROUPS 1 BUFFER_POOL DEFAULT FLASH_CACHE DEFAULT CELL_FLASH_CACHE DEFAULT)
  TABLESPACE "USERS" ;
--------------------------------------------------------
--  DDL for Index PK_SEMINAIRE
--------------------------------------------------------

  CREATE UNIQUE INDEX "SALTELSQL"."PK_SEMINAIRE" ON "SALTELSQL"."SEMINAIRE" ("CODESEMI") 
  PCTFREE 10 INITRANS 2 MAXTRANS 255 COMPUTE STATISTICS 
  STORAGE(INITIAL 65536 NEXT 1048576 MINEXTENTS 1 MAXEXTENTS 2147483645
  PCTINCREASE 0 FREELISTS 1 FREELIST GROUPS 1 BUFFER_POOL DEFAULT FLASH_CACHE DEFAULT CELL_FLASH_CACHE DEFAULT)
  TABLESPACE "USERS" ;
--------------------------------------------------------
--  DDL for Index FK1_SEMINAIRE
--------------------------------------------------------

  CREATE INDEX "SALTELSQL"."FK1_SEMINAIRE" ON "SALTELSQL"."SEMINAIRE" ("CODECOURS") 
  PCTFREE 10 INITRANS 2 MAXTRANS 255 COMPUTE STATISTICS 
  STORAGE(INITIAL 65536 NEXT 1048576 MINEXTENTS 1 MAXEXTENTS 2147483645
  PCTINCREASE 0 FREELISTS 1 FREELIST GROUPS 1 BUFFER_POOL DEFAULT FLASH_CACHE DEFAULT CELL_FLASH_CACHE DEFAULT)
  TABLESPACE "USERS" ;
--------------------------------------------------------
--  Constraints for Table COURS
--------------------------------------------------------

  ALTER TABLE "SALTELSQL"."COURS" ADD CONSTRAINT "CKC_COURS_NBJOURS" CHECK (nbjours between 1 and 5) ENABLE;
 
  ALTER TABLE "SALTELSQL"."COURS" ADD CONSTRAINT "PK_COURS" PRIMARY KEY ("CODECOURS")
  USING INDEX PCTFREE 10 INITRANS 2 MAXTRANS 255 COMPUTE STATISTICS 
  STORAGE(INITIAL 65536 NEXT 1048576 MINEXTENTS 1 MAXEXTENTS 2147483645
  PCTINCREASE 0 FREELISTS 1 FREELIST GROUPS 1 BUFFER_POOL DEFAULT FLASH_CACHE DEFAULT CELL_FLASH_CACHE DEFAULT)
  TABLESPACE "USERS"  ENABLE;
 
  ALTER TABLE "SALTELSQL"."COURS" MODIFY ("CODECOURS" NOT NULL ENABLE);
 
  ALTER TABLE "SALTELSQL"."COURS" MODIFY ("LIBELLECOURS" NOT NULL ENABLE);
 
  ALTER TABLE "SALTELSQL"."COURS" MODIFY ("NBJOURS" NOT NULL ENABLE);
--------------------------------------------------------
--  Constraints for Table EMPLOYE
--------------------------------------------------------

  ALTER TABLE "SALTELSQL"."EMPLOYE" ADD CONSTRAINT "PK_EMPLOYE" PRIMARY KEY ("NUMEMP")
  USING INDEX PCTFREE 10 INITRANS 2 MAXTRANS 255 COMPUTE STATISTICS 
  STORAGE(INITIAL 65536 NEXT 1048576 MINEXTENTS 1 MAXEXTENTS 2147483645
  PCTINCREASE 0 FREELISTS 1 FREELIST GROUPS 1 BUFFER_POOL DEFAULT FLASH_CACHE DEFAULT CELL_FLASH_CACHE DEFAULT)
  TABLESPACE "USERS"  ENABLE;
 
  ALTER TABLE "SALTELSQL"."EMPLOYE" MODIFY ("NUMEMP" NOT NULL ENABLE);
 
  ALTER TABLE "SALTELSQL"."EMPLOYE" MODIFY ("NOMEMP" NOT NULL ENABLE);
 
  ALTER TABLE "SALTELSQL"."EMPLOYE" MODIFY ("PRENOMEMP" NOT NULL ENABLE);
 
  ALTER TABLE "SALTELSQL"."EMPLOYE" MODIFY ("POSTE" NOT NULL ENABLE);
 
  ALTER TABLE "SALTELSQL"."EMPLOYE" MODIFY ("SALAIRE" NOT NULL ENABLE);
--------------------------------------------------------
--  Constraints for Table INSCRIT
--------------------------------------------------------

  ALTER TABLE "SALTELSQL"."INSCRIT" ADD CONSTRAINT "PK_INSCRIT" PRIMARY KEY ("CODESEMI", "NUMEMP")
  USING INDEX PCTFREE 10 INITRANS 2 MAXTRANS 255 COMPUTE STATISTICS 
  STORAGE(INITIAL 65536 NEXT 1048576 MINEXTENTS 1 MAXEXTENTS 2147483645
  PCTINCREASE 0 FREELISTS 1 FREELIST GROUPS 1 BUFFER_POOL DEFAULT FLASH_CACHE DEFAULT CELL_FLASH_CACHE DEFAULT)
  TABLESPACE "USERS"  ENABLE;
 
  ALTER TABLE "SALTELSQL"."INSCRIT" MODIFY ("NUMEMP" NOT NULL ENABLE);
 
  ALTER TABLE "SALTELSQL"."INSCRIT" MODIFY ("CODESEMI" NOT NULL ENABLE);
 
  ALTER TABLE "SALTELSQL"."INSCRIT" MODIFY ("DATEINSCRIT" NOT NULL ENABLE);
--------------------------------------------------------
--  Constraints for Table PARTICIPER
--------------------------------------------------------

  ALTER TABLE "SALTELSQL"."PARTICIPER" ADD CONSTRAINT "CKC_CODEJOUR_PARTICIP" CHECK (CODEJOUR in ('LU','MA','ME','JE','VE')) ENABLE;
 
  ALTER TABLE "SALTELSQL"."PARTICIPER" ADD CONSTRAINT "PK_PARTICIPER" PRIMARY KEY ("NUMEMP", "CODESEMI", "CODEJOUR")
  USING INDEX PCTFREE 10 INITRANS 2 MAXTRANS 255 COMPUTE STATISTICS 
  STORAGE(INITIAL 65536 NEXT 1048576 MINEXTENTS 1 MAXEXTENTS 2147483645
  PCTINCREASE 0 FREELISTS 1 FREELIST GROUPS 1 BUFFER_POOL DEFAULT FLASH_CACHE DEFAULT CELL_FLASH_CACHE DEFAULT)
  TABLESPACE "USERS"  ENABLE;
 
  ALTER TABLE "SALTELSQL"."PARTICIPER" MODIFY ("NUMEMP" NOT NULL ENABLE);
 
  ALTER TABLE "SALTELSQL"."PARTICIPER" MODIFY ("CODESEMI" NOT NULL ENABLE);
 
  ALTER TABLE "SALTELSQL"."PARTICIPER" MODIFY ("CODEJOUR" NOT NULL ENABLE);
--------------------------------------------------------
--  Constraints for Table PROJET
--------------------------------------------------------

  ALTER TABLE "SALTELSQL"."PROJET" ADD CONSTRAINT "CKC_DATEDEBUTFIN_PROJET" CHECK (FINPREVUE>DEBUTPROJ) ENABLE;
 
  ALTER TABLE "SALTELSQL"."PROJET" ADD CONSTRAINT "PK_PROJET" PRIMARY KEY ("CODEPROJET")
  USING INDEX PCTFREE 10 INITRANS 2 MAXTRANS 255 COMPUTE STATISTICS 
  STORAGE(INITIAL 65536 NEXT 1048576 MINEXTENTS 1 MAXEXTENTS 2147483645
  PCTINCREASE 0 FREELISTS 1 FREELIST GROUPS 1 BUFFER_POOL DEFAULT FLASH_CACHE DEFAULT CELL_FLASH_CACHE DEFAULT)
  TABLESPACE "USERS"  ENABLE;
 
  ALTER TABLE "SALTELSQL"."PROJET" MODIFY ("CODEPROJET" NOT NULL ENABLE);
 
  ALTER TABLE "SALTELSQL"."PROJET" MODIFY ("NOMPROJET" NOT NULL ENABLE);
 
  ALTER TABLE "SALTELSQL"."PROJET" MODIFY ("DEBUTPROJ" NOT NULL ENABLE);
 
  ALTER TABLE "SALTELSQL"."PROJET" MODIFY ("FINPREVUE" NOT NULL ENABLE);
 
  ALTER TABLE "SALTELSQL"."PROJET" MODIFY ("NOMCONTACT" NOT NULL ENABLE);
--------------------------------------------------------
--  Constraints for Table SEMINAIRE
--------------------------------------------------------

  ALTER TABLE "SALTELSQL"."SEMINAIRE" ADD CONSTRAINT "PK_SEMINAIRE" PRIMARY KEY ("CODESEMI")
  USING INDEX PCTFREE 10 INITRANS 2 MAXTRANS 255 COMPUTE STATISTICS 
  STORAGE(INITIAL 65536 NEXT 1048576 MINEXTENTS 1 MAXEXTENTS 2147483645
  PCTINCREASE 0 FREELISTS 1 FREELIST GROUPS 1 BUFFER_POOL DEFAULT FLASH_CACHE DEFAULT CELL_FLASH_CACHE DEFAULT)
  TABLESPACE "USERS"  ENABLE;
 
  ALTER TABLE "SALTELSQL"."SEMINAIRE" MODIFY ("CODESEMI" NOT NULL ENABLE);
 
  ALTER TABLE "SALTELSQL"."SEMINAIRE" MODIFY ("CODECOURS" NOT NULL ENABLE);
 
  ALTER TABLE "SALTELSQL"."SEMINAIRE" MODIFY ("DATEDEBUTSEM" NOT NULL ENABLE);
--------------------------------------------------------
--  Ref Constraints for Table EMPLOYE
--------------------------------------------------------

  ALTER TABLE "SALTELSQL"."EMPLOYE" ADD CONSTRAINT "FK_EMPLOYE_EMPLOYE" FOREIGN KEY ("SUPERIEUR")
	  REFERENCES "SALTELSQL"."EMPLOYE" ("NUMEMP") ON DELETE CASCADE ENABLE;
 
  ALTER TABLE "SALTELSQL"."EMPLOYE" ADD CONSTRAINT "FK_EMPLOYE_PROJET" FOREIGN KEY ("CODEPROJET")
	  REFERENCES "SALTELSQL"."PROJET" ("CODEPROJET") ENABLE;
--------------------------------------------------------
--  Ref Constraints for Table INSCRIT
--------------------------------------------------------

  ALTER TABLE "SALTELSQL"."INSCRIT" ADD CONSTRAINT "FK_INSCRIT_EMPLOYE" FOREIGN KEY ("NUMEMP")
	  REFERENCES "SALTELSQL"."EMPLOYE" ("NUMEMP") ENABLE;
 
  ALTER TABLE "SALTELSQL"."INSCRIT" ADD CONSTRAINT "FK_INSCRIT_SEMINAIRE" FOREIGN KEY ("CODESEMI")
	  REFERENCES "SALTELSQL"."SEMINAIRE" ("CODESEMI") ON DELETE CASCADE ENABLE;
--------------------------------------------------------
--  Ref Constraints for Table PARTICIPER
--------------------------------------------------------

  ALTER TABLE "SALTELSQL"."PARTICIPER" ADD CONSTRAINT "FK_PARTICIPER_INSCRIT" FOREIGN KEY ("CODESEMI", "NUMEMP")
	  REFERENCES "SALTELSQL"."INSCRIT" ("CODESEMI", "NUMEMP") ON DELETE CASCADE ENABLE;
--------------------------------------------------------
--  Ref Constraints for Table SEMINAIRE
--------------------------------------------------------

  ALTER TABLE "SALTELSQL"."SEMINAIRE" ADD CONSTRAINT "FK_SEMINAIRE_COURS" FOREIGN KEY ("CODECOURS")
	  REFERENCES "SALTELSQL"."COURS" ("CODECOURS") ON DELETE CASCADE ENABLE;
